<?xml version="1.0" encoding="utf-8"?>

<!-- These are configurations that should exist on Google's 2016 and newer Nexus devices. -->
<config>
    <!-- This is meant to be the canonical feature identifying 2016 and newer Nexus devices. -->
    <feature name="com.google.android.feature.PIXEL_EXPERIENCE" />

    <!-- Both versions of this string are needed due to a miscommunication. b/29978934 -->
    <feature name="com.google.android.apps.photos.NEXUS_PRELOAD" />
    <feature name="com.google.android.apps.photos.nexus_preload" />

    <!-- Enable Zero Touch Provisioning support for 2016 and newer Nexus devices. -->
    <feature name="com.google.android.feature.ZERO_TOUCH" />

    <!-- Allow Google unbundled tethering entitlement app in background -->
    <allow-in-power-save package="com.google.android.tetheringentitlement" />

    <!-- Allow ssr detector service in background -->
    <allow-in-power-save package="com.google.SSRestartDetector" />

    <!-- Allow ramdump uploader service in background -->
    <allow-in-power-save package="com.android.ramdump" />

    <!-- These are telephony components that need to run in the background -->
    <allow-in-power-save package="com.qualcomm.atfwd" />
    <allow-in-power-save package="com.qualcomm.embms" />
    <allow-in-power-save package="com.qualcomm.qti.telephonyservice" />
    <allow-in-power-save package="com.qulacomm.qcrilmsgtunnel" />
    <allow-in-power-save package="com.qualcomm.qti.ims" />
    <allow-in-power-save package="com.qualcomm.qti.radioconfiginterface" />
</config>